model_id,manufacturer_name,manufacturer_code,canonical_model_name,variants
1,宝沃汽车,1,宝沃BX3,宝沃BX3
2,宝沃汽车,1,宝沃BX5,宝沃BX5
3,宝沃汽车,1,宝沃BX6,宝沃BX6
4,宝沃汽车,1,宝沃BX7,宝沃BX7
5,北京奔驰,2,奔驰A级,奔驰A级
6,北京奔驰,2,奔驰A级AMG,奔驰A级AMG
7,北京奔驰,2,奔驰C级,奔驰C级
8,北京奔驰,2,奔驰C级PHEV,奔驰C级PHEV
9,北京奔驰,2,奔驰EQA,奔驰EQA
10,北京奔驰,2,奔驰EQB,奔驰EQB
11,北京奔驰,2,奔驰EQC,奔驰EQC
12,北京奔驰,2,奔驰EQE,奔驰EQE
13,北京奔驰,2,奔驰EQE SUV,奔驰EQE SUV
14,北京奔驰,2,奔驰E级,奔驰E级
15,北京奔驰,2,奔驰E级新能源,奔驰E级新能源
16,北京奔驰,2,奔驰GLA,奔驰GLA
17,北京奔驰,2,奔驰GLB,奔驰GLB
18,北京奔驰,2,奔驰GLC,奔驰GLC
19,北京汽车,3,北京BJ20,北京BJ20
20,北京汽车,3,北京BJ40,北京BJ40
21,北京汽车,3,北京BJ60,北京BJ60
22,北京汽车,3,北京BJ80,北京BJ80
23,北京汽车,3,北京BJ90,北京BJ90
24,北京汽车,3,北京EU5,北京EU5
25,北京汽车,3,北京U5,北京U5
26,北京汽车,3,北京U7,北京U7
27,北京汽车,3,北京X3,北京X3
28,北京汽车,3,北京X5,北京X5
29,北京汽车,3,北京X7,北京X7
30,北京汽车,3,北京X7 PHEV,北京X7 PHEV
31,北京汽车,3,北京汽车绅宝CC,北京汽车绅宝CC
32,北京汽车,3,北京汽车绅宝D50,北京汽车绅宝D50
33,北京汽车,3,北汽威旺M30,北汽威旺M30
34,北京汽车,3,北汽威旺M50,北汽威旺M50
35,北京汽车,3,北汽威旺S50,北汽威旺S50
36,北京汽车,3,北汽绅宝D20,北汽绅宝D20
37,北京汽车,3,北汽绅宝D70,北汽绅宝D70
38,北京汽车,3,北汽绅宝X25,北汽绅宝X25
39,北京汽车,3,北汽绅宝X35,北汽绅宝X35
40,北京汽车,3,北汽绅宝X55,北汽绅宝X55
41,北京汽车,3,北汽绅宝X65,北汽绅宝X65
42,北京汽车,3,北汽魔方,北汽魔方
43,北京现代,4,现代ENCINO,现代ENCINO
44,北京现代,4,现代MUFASA沐飒,现代MUFASA沐飒
45,北京现代,4,现代ix25,现代ix25
46,北京现代,4,现代ix35,现代ix35
47,北京现代,4,现代伊兰特,现代伊兰特
48,北京现代,4,现代全新胜达,现代全新胜达
49,北京现代,4,现代名图,现代名图
50,北京现代,4,现代名图新能源,现代名图新能源
51,北京现代,4,现代库斯途,现代库斯途
52,北京现代,4,现代悦动,现代悦动
53,北京现代,4,现代悦纳,现代悦纳
54,北京现代,4,现代昂希诺纯电动,现代昂希诺纯电动
55,北京现代,4,现代朗动,现代朗动
56,北京现代,4,现代瑞纳,现代瑞纳
57,北京现代,4,现代索纳塔,现代索纳塔
58,北京现代,4,现代索纳塔插电混动,现代索纳塔插电混动
59,北京现代,4,现代菲斯塔,现代菲斯塔
60,北京现代,4,现代菲斯塔纯电动,现代菲斯塔纯电动
61,北京现代,4,现代途胜,现代途胜
62,北京现代,4,现代逸行,现代逸行
63,北京现代,4,现代领动,现代领动
64,北京现代,4,现代领动插电混动,现代领动插电混动
65,北汽昌河,5,北汽EC100,北汽EC100
66,北汽昌河,5,北汽昌河A6,北汽昌河A6
67,北汽昌河,5,昌河M60,昌河M60
68,北汽昌河,5,昌河M70,昌河M70
69,北汽昌河,5,昌河Q25,昌河Q25
70,北汽昌河,5,昌河Q35,昌河Q35
71,北汽昌河,5,昌河Q7,昌河Q7
72,北汽昌河,5,昌河北斗星,昌河北斗星
73,北汽昌河,5,昌河福瑞达M50,昌河福瑞达M50
74,北汽新能源,6,享界S9,享界S9
75,北汽新能源,6,北汽新能源EC,北汽新能源EC
76,北汽新能源,6,北汽新能源EV,北汽新能源EV
77,北汽新能源,6,北汽新能源EX,北汽新能源EX
78,北汽新能源,6,北汽新能源LITE,北汽新能源LITE
79,北汽新能源,6,极狐 阿尔法S5,极狐 阿尔法S5
80,北汽新能源,6,极狐 阿尔法T5,极狐 阿尔法T5
81,北汽新能源,6,极狐ARCFOX αS,极狐ARCFOX αS
82,北汽新能源,6,极狐ARCFOX αT,极狐ARCFOX αT
83,北汽新能源,6,极狐考拉,极狐考拉
84,北汽新能源,6,极狐阿尔法T(ARCFOX αT),极狐阿尔法T(ARCFOX αT)
85,北汽银翔,7,北汽幻速H2,北汽幻速H2
86,北汽银翔,7,北汽幻速H3,北汽幻速H3
87,北汽银翔,7,北汽幻速H5,北汽幻速H5
88,北汽银翔,7,北汽幻速S2,北汽幻速S2
89,北汽银翔,7,北汽幻速S3,北汽幻速S3
90,北汽银翔,7,北汽幻速S5,北汽幻速S5
91,北汽银翔,7,北汽幻速S6,北汽幻速S6
92,北汽银翔,7,北汽幻速S7,北汽幻速S7
93,北汽制造,8,MG5,MG5
94,北汽制造,8,北京BJ212,北京BJ212
95,北汽制造,8,北汽元宝,北汽元宝
96,北汽制造,8,北汽制造212,北汽制造212
97,北汽制造,8,北汽制造勇士,北汽制造勇士
98,北汽制造,8,北汽制造域胜007,北汽制造域胜007
99,北汽制造,8,北汽勇士,北汽勇士
100,北汽制造,8,北汽家宝,北汽家宝
101,北汽制造,8,北汽锐胜王牌M7,北汽锐胜王牌M7
102,北汽制造,8,名爵HS,名爵HS
103,北汽制造,8,荣威RX5,荣威RX5
104,比速汽车,9,比速M3,比速M3
105,比速汽车,9,比速T3,比速T3
106,比速汽车,9,比速T5,比速T5
107,比亚迪,10,比亚迪D1,比亚迪D1
108,比亚迪,10,比亚迪F0,比亚迪F0
109,比亚迪,10,比亚迪F3,比亚迪F3
110,比亚迪,10,比亚迪G6,比亚迪G6
111,比亚迪,10,比亚迪S2,比亚迪S2
112,比亚迪,10,比亚迪S7,比亚迪S7
113,比亚迪,10,比亚迪e1,比亚迪e1
114,比亚迪,10,比亚迪e2,比亚迪e2
115,比亚迪,10,比亚迪e3,比亚迪e3
116,比亚迪,10,比亚迪e5,比亚迪e5
117,比亚迪,10,比亚迪e6,比亚迪e6
118,比亚迪,10,比亚迪元,比亚迪元
119,比亚迪,10,比亚迪元PLUS,比亚迪元PLUS
120,比亚迪,10,比亚迪元Pro,比亚迪元Pro
121,比亚迪,10,比亚迪元UP,比亚迪元UP
122,比亚迪,10,比亚迪唐,比亚迪唐
123,比亚迪,10,比亚迪唐DM-i,比亚迪唐DM-i
124,比亚迪,10,比亚迪唐EV,比亚迪唐EV
125,比亚迪,10,比亚迪夏,比亚迪夏
126,比亚迪,10,比亚迪宋,比亚迪宋
127,比亚迪,10,比亚迪宋L DM-i,比亚迪宋L DM-i
128,比亚迪,10,比亚迪宋L EV,比亚迪宋L EV
129,比亚迪,10,比亚迪宋MAX,比亚迪宋MAX
130,比亚迪,10,比亚迪宋MAX新能源,比亚迪宋MAX新能源
131,比亚迪,10,比亚迪宋PLUS DM-i,比亚迪宋PLUS DM-i
132,比亚迪,10,比亚迪宋PLUS EV,比亚迪宋PLUS EV
133,比亚迪,10,比亚迪宋Pro DM-i,比亚迪宋Pro DM-i
134,比亚迪,10,比亚迪宋pro,比亚迪宋pro
135,比亚迪,10,比亚迪护卫舰07,比亚迪护卫舰07
136,比亚迪,10,比亚迪汉DM-i,比亚迪汉DM-i
137,比亚迪,10,比亚迪汉EV,比亚迪汉EV
138,比亚迪,10,比亚迪海狮05 DM-i,比亚迪海狮05 DM-i
139,比亚迪,10,比亚迪海狮07 EV,比亚迪海狮07 EV
140,比亚迪,10,比亚迪海豚,比亚迪海豚
141,比亚迪,10,比亚迪海豹,比亚迪海豹
142,比亚迪,10,比亚迪海豹06 DM-i,比亚迪海豹06 DM-i
143,比亚迪,10,比亚迪海豹06GT,比亚迪海豹06GT
144,比亚迪,10,比亚迪海豹07 DM-i,比亚迪海豹07 DM-i
145,比亚迪,10,比亚迪海豹DM-i,比亚迪海豹DM-i
146,比亚迪,10,比亚迪海鸥,比亚迪海鸥
147,比亚迪,10,比亚迪秦,比亚迪秦
148,比亚迪,10,比亚迪秦EV,比亚迪秦EV
149,比亚迪,10,比亚迪秦L DM-i,比亚迪秦L DM-i
150,比亚迪,10,比亚迪秦PLUS DM-i,比亚迪秦PLUS DM-i
151,比亚迪,10,比亚迪秦PLUS EV,比亚迪秦PLUS EV
152,比亚迪,10,比亚迪秦Pro,比亚迪秦Pro
153,比亚迪,10,比亚迪秦Pro新能源,比亚迪秦Pro新能源
154,比亚迪,10,比亚迪速锐,比亚迪速锐
155,比亚迪,10,比亚迪驱逐舰05,比亚迪驱逐舰05
156,比亚迪,10,腾势N7,腾势N7
157,大乘汽车,11,大乘G60,大乘G60
158,大乘汽车,11,大乘G70s,大乘G70s
159,电咖汽车,12,电咖EV10,电咖EV10
160,东风本田,13,东风本田M-NV,东风本田M-NV
161,东风本田,13,本田CR-V,本田CR-V
162,东风本田,13,本田CR-V新能源,本田CR-V新能源
163,东风本田,13,本田HR-V,本田HR-V
164,东风本田,13,本田LIFE,本田LIFE
165,东风本田,13,本田UR-V,本田UR-V
166,东风本田,13,本田X-NV,本田X-NV
167,东风本田,13,本田XR-V,本田XR-V
168,东风本田,13,本田e:NS1,本田e:NS1
169,东风本田,13,本田享域,本田享域
170,东风本田,13,本田哥瑞,本田哥瑞
171,东风本田,13,本田思域,本田思域
172,东风本田,13,本田思铂睿,本田思铂睿
173,东风本田,13,本田杰德,本田杰德
174,东风本田,13,本田猎光e:NS2,本田猎光e:NS2
175,东风本田,13,本田竞瑞,本田竞瑞
176,东风本田,13,本田艾力绅,本田艾力绅
177,东风本田,13,本田英仕派,本田英仕派
178,东风本田,13,本田英仕派 PHEV,本田英仕派 PHEV
179,东风本田,13,灵悉L,灵悉L
180,东风标致,14,标致2008,标致2008
181,东风标致,14,标致3008,标致3008
182,东风标致,14,标致301,标致301
183,东风标致,14,标致308,标致308
184,东风标致,14,标致308S,标致308S
185,东风标致,14,标致4008,标致4008
186,东风标致,14,标致4008新能源,标致4008新能源
187,东风标致,14,标致408,标致408
188,东风标致,14,标致408X,标致408X
189,东风标致,14,标致5008,标致5008
190,东风标致,14,标致508,标致508
191,东风标致,14,标致508L新能源,标致508L新能源
192,东风标致,14,标致e2008,标致e2008
193,东风乘用车,15,eπ007,eπ007
194,东风乘用车,15,eπ008,eπ008
195,东风乘用车,15,东风A9,东风A9
196,东风乘用车,15,东风风神A30,东风风神A30
197,东风乘用车,15,东风风神A60,东风风神A60
198,东风乘用车,15,东风风神AX3,东风风神AX3
199,东风乘用车,15,东风风神AX4,东风风神AX4
200,东风乘用车,15,东风风神AX5,东风风神AX5
201,东风乘用车,15,东风风神AX7,东风风神AX7
202,东风乘用车,15,东风风神E70,东风风神E70
203,东风乘用车,15,东风风神H30,东风风神H30
204,东风乘用车,15,东风风神L60,东风风神L60
205,东风乘用车,15,东风风神L7 PHEV,东风风神L7 PHEV
206,东风乘用车,15,东风风神奕炫,东风风神奕炫
207,东风乘用车,15,东风风神皓极,东风风神皓极
208,东风乘用车,15,东风风神皓瀚,东风风神皓瀚
209,东风风行,16,东风风行SX6,东风风行SX6
210,东风风行,16,东风风行T5,东风风行T5
211,东风风行,16,东风风行T5 EVO,东风风行T5 EVO
212,东风风行,16,东风风行星海V9,东风风行星海V9
213,东风风行,16,东风风行景逸S50,东风风行景逸S50
214,东风风行,16,东风风行景逸S50新能源,东风风行景逸S50新能源
215,东风风行,16,东风风行景逸SUV,东风风行景逸SUV
216,东风风行,16,东风风行游艇,东风风行游艇
217,东风风行,16,东风风行菱智,东风风行菱智
218,东风风行,16,东风风行菱智新能源,东风风行菱智新能源
219,东风风行,16,风行星海S7,风行星海S7
220,东风风行,16,风行雷霆,风行雷霆
221,东风雷诺,17,雷诺 e诺,雷诺 e诺
222,东风雷诺,17,雷诺科雷傲,雷诺科雷傲
223,东风雷诺,17,雷诺科雷嘉,雷诺科雷嘉
224,东风雷诺,17,雷诺科雷缤,雷诺科雷缤
225,东风启辰,18,启辰D60,启辰D60
226,东风启辰,18,启辰D60新能源,启辰D60新能源
227,东风启辰,18,启辰M50V,启辰M50V
228,东风启辰,18,启辰R50,启辰R50
229,东风启辰,18,启辰T60,启辰T60
230,东风启辰,18,启辰T60新能源,启辰T60新能源
231,东风启辰,18,启辰T70,启辰T70
232,东风启辰,18,启辰T90,启辰T90
233,东风启辰,18,启辰e30,启辰e30
234,东风启辰,18,启辰大V,启辰大V
235,东风启辰,18,启辰星,启辰星
236,东风日产,19,启辰VX6,启辰VX6
237,东风日产,19,启辰大V DD-i超混动,启辰大V DD-i超混动
238,东风日产,19,日产ARIYA艾睿雅,日产ARIYA艾睿雅
239,东风日产,19,日产劲客,日产劲客
240,东风日产,19,日产天籁,日产天籁
241,东风日产,19,日产奇骏,日产奇骏
242,东风日产,19,日产奇骏·荣耀,日产奇骏·荣耀
243,东风日产,19,日产探陆,日产探陆
244,东风日产,19,日产楼兰,日产楼兰
245,东风日产,19,日产蓝鸟,日产蓝鸟
246,东风日产,19,日产西玛,日产西玛
247,东风日产,19,日产轩逸,日产轩逸
248,东风日产,19,日产轩逸纯电,日产轩逸纯电
249,东风日产,19,日产逍客,日产逍客
250,东风日产,19,日产阳光,日产阳光
251,东风日产,19,日产骊威,日产骊威
252,东风日产,19,日产骐达,日产骐达
253,东风雪铁龙,20,BMW 3系,BMW 3系
254,东风雪铁龙,20,BMW 5系,BMW 5系
255,东风雪铁龙,20,BMW X5,BMW X5
256,东风雪铁龙,20,雪铁龙C3-XR,雪铁龙C3-XR
257,东风雪铁龙,20,雪铁龙C3L,雪铁龙C3L
258,东风雪铁龙,20,雪铁龙C4L,雪铁龙C4L
259,东风雪铁龙,20,雪铁龙C4世嘉,雪铁龙C4世嘉
260,东风雪铁龙,20,雪铁龙C5,雪铁龙C5
261,东风雪铁龙,20,雪铁龙C6,雪铁龙C6
262,东风雪铁龙,20,雪铁龙云逸,雪铁龙云逸
263,东风雪铁龙,20,雪铁龙凡尔赛C5 X,雪铁龙凡尔赛C5 X
264,东风雪铁龙,20,雪铁龙凡尔赛C5 X新能源,雪铁龙凡尔赛C5 X新能源
265,东风雪铁龙,20,雪铁龙天逸,雪铁龙天逸
266,东风雪铁龙,20,雪铁龙天逸新能源,雪铁龙天逸新能源
267,东风雪铁龙,20,雪铁龙爱丽舍,雪铁龙爱丽舍
268,东风英菲尼迪,21,英菲尼迪Q50L,英菲尼迪Q50L
269,东风英菲尼迪,21,英菲尼迪QX50,英菲尼迪QX50
270,东风英菲尼迪,21,英菲尼迪QX60,英菲尼迪QX60
271,东风小康,22,东风风光330,东风风光330
272,东风小康,22,东风风光370,东风风光370
273,东风小康,22,东风风光380,东风风光380
274,东风小康,22,东风风光500,东风风光500
275,东风小康,22,东风风光580,东风风光580
276,东风小康,22,东风风光E1,东风风光E1
277,东风小康,22,东风风光E3,东风风光E3
278,东风小康,22,东风风光S560,东风风光S560
279,东风小康,22,东风风光ix5,东风风光ix5
280,东风小康,22,东风风光ix7,东风风光ix7
281,东风小康,22,风光MINI EV,风光MINI EV
282,东风裕隆,23,纳智捷5 Sedan,纳智捷5 Sedan
283,东风裕隆,23,纳智捷U5 SUV,纳智捷U5 SUV
284,东风裕隆,23,纳智捷URX,纳智捷URX
285,东风裕隆,23,纳智捷优6 SUV,纳智捷优6 SUV
286,东风裕隆,23,纳智捷大7MPV,纳智捷大7MPV
287,东风裕隆,23,纳智捷大7SUV,纳智捷大7SUV
288,东风裕隆,23,纳智捷锐3,纳智捷锐3
289,起亚汽车,24,华骐300E,华骐300E
290,起亚汽车,24,起亚EV5,起亚EV5
291,起亚汽车,24,起亚K2,起亚K2
292,起亚汽车,24,起亚K3,起亚K3
293,起亚汽车,24,起亚K3新能源,起亚K3新能源
294,起亚汽车,24,起亚K4,起亚K4
295,起亚汽车,24,起亚K5,起亚K5
296,起亚汽车,24,起亚K5新能源,起亚K5新能源
297,起亚汽车,24,起亚KX CROSS,起亚KX CROSS
298,起亚汽车,24,起亚KX3,起亚KX3
299,起亚汽车,24,起亚KX3新能源,起亚KX3新能源
300,起亚汽车,24,起亚KX5,起亚KX5
301,起亚汽车,24,起亚KX7,起亚KX7
302,起亚汽车,24,起亚Sonet,起亚Sonet
303,起亚汽车,24,起亚嘉华,起亚嘉华
304,起亚汽车,24,起亚奕跑,起亚奕跑
305,起亚汽车,24,起亚智跑,起亚智跑
306,起亚汽车,24,起亚焕驰,起亚焕驰
307,起亚汽车,24,起亚狮铂拓界,起亚狮铂拓界
308,起亚汽车,24,起亚福瑞迪,起亚福瑞迪
309,起亚汽车,24,起亚赛图斯,起亚赛图斯
310,起亚汽车,24,起亚赛拉图,起亚赛拉图
311,东南汽车,25,东南A5翼舞,东南A5翼舞
312,东南汽车,25,东南DX3,东南DX3
313,东南汽车,25,东南DX3电动车,东南DX3电动车
314,东南汽车,25,东南DX5,东南DX5
315,东南汽车,25,东南DX7,东南DX7
316,东南汽车,25,东南DX8,东南DX8
317,东南汽车,25,东南V3菱悦,东南V3菱悦
318,东南汽车,25,东南V5菱致,东南V5菱致
319,福建戴姆勒,26,奔驰V级,奔驰V级
320,福建戴姆勒,26,奔驰威霆,奔驰威霆
321,福汽新龙马,27,新龙马启腾EX-80,新龙马启腾EX-80
322,福田汽车,28,福田伽途ix,福田伽途ix
323,福田汽车,28,福田萨瓦纳,福田萨瓦纳
324,福田汽车,28,福田蒙派克,福田蒙派克
325,观致汽车,29,观致3,观致3
326,观致汽车,29,观致3都市SUV,观致3都市SUV
327,观致汽车,29,观致5 SUV,观致5 SUV
328,观致汽车,29,观致7,观致7
329,广汽本田,30,北汽威旺M50,北汽威旺M50
330,广汽本田,30,广汽世锐PHEV,广汽世锐PHEV
331,广汽本田,30,广汽本田绎乐,广汽本田绎乐
332,广汽本田,30,本田ZR-V致在,本田ZR-V致在
333,广汽本田,30,本田e:NP1 极湃1,本田e:NP1 极湃1
334,广汽本田,30,本田e:NP2 极湃2,本田e:NP2 极湃2
335,广汽本田,30,本田冠道,本田冠道
336,广汽本田,30,本田凌派,本田凌派
337,广汽本田,30,本田型格,本田型格
338,广汽本田,30,本田奥德赛,本田奥德赛
339,广汽本田,30,本田皓影,本田皓影
340,广汽本田,30,本田皓影新能源,本田皓影新能源
341,广汽本田,30,本田缤智,本田缤智
342,广汽本田,30,本田锋范,本田锋范
343,广汽本田,30,本田雅阁,本田雅阁
344,广汽本田,30,本田雅阁 PHEV,本田雅阁 PHEV
345,广汽本田,30,本田飞度,本田飞度
346,广汽本田,30,理念VE-1,理念VE-1
347,广汽传祺,31,广汽传祺E8 PHEV,广汽传祺E8 PHEV
348,广汽传祺,31,广汽传祺E9 PHEV,广汽传祺E9 PHEV
349,广汽传祺,31,广汽传祺ES9 PHEV,广汽传祺ES9 PHEV
350,广汽传祺,31,广汽传祺GA3S,广汽传祺GA3S
351,广汽传祺,31,广汽传祺GA4,广汽传祺GA4
352,广汽传祺,31,广汽传祺GA6,广汽传祺GA6
353,广汽传祺,31,广汽传祺GA8,广汽传祺GA8
354,广汽传祺,31,广汽传祺GS3,广汽传祺GS3
355,广汽传祺,31,广汽传祺GS4,广汽传祺GS4
356,广汽传祺,31,广汽传祺GS4 PLUS,广汽传祺GS4 PLUS
357,广汽传祺,31,广汽传祺GS5,广汽传祺GS5
358,广汽传祺,31,广汽传祺GS7,广汽传祺GS7
359,广汽传祺,31,广汽传祺GS8,广汽传祺GS8
360,广汽传祺,31,广汽传祺M6,广汽传祺M6
361,广汽传祺,31,广汽传祺M8,广汽传祺M8
362,广汽传祺,31,广汽传祺影豹,广汽传祺影豹
363,广汽传祺,31,广汽传祺影酷,广汽传祺影酷
364,广汽菲克,32,Jeep大指挥官,Jeep大指挥官
365,广汽菲克,32,Jeep大指挥官PHEV,Jeep大指挥官PHEV
366,广汽菲克,32,Jeep指南者,Jeep指南者
367,广汽菲克,32,Jeep自由侠,Jeep自由侠
368,广汽菲克,32,Jeep自由光,Jeep自由光
369,广汽菲克,32,名爵ZS,名爵ZS
370,广汽菲克,32,大通D90,大通D90
371,广汽菲克,32,荣威RX5,荣威RX5
372,广汽丰田,33,丰田C-HR,丰田C-HR
373,广汽丰田,33,丰田C-HR EV,丰田C-HR EV
374,广汽丰田,33,丰田YARiS L 致享,丰田YARiS L 致享
375,广汽丰田,33,丰田YARiS L致炫,丰田YARiS L致炫
376,广汽丰田,33,丰田凌尚,丰田凌尚
377,广汽丰田,33,丰田凯美瑞,丰田凯美瑞
378,广汽丰田,33,丰田威兰达,丰田威兰达
379,广汽丰田,33,丰田威兰达新能源,丰田威兰达新能源
380,广汽丰田,33,丰田威飒,丰田威飒
381,广汽丰田,33,丰田汉兰达,丰田汉兰达
382,广汽丰田,33,丰田赛那SIENNA,丰田赛那SIENNA
383,广汽丰田,33,丰田锋兰达,丰田锋兰达
384,广汽丰田,33,丰田雷凌,丰田雷凌
385,广汽丰田,33,丰田雷凌双擎E+,丰田雷凌双擎E+
386,广汽丰田,33,凯美瑞,凯美瑞
387,广汽丰田,33,广汽ix4,广汽ix4
388,广汽丰田,33,广汽丰田bZ4X,广汽丰田bZ4X
389,广汽丰田,33,广汽丰田iA5,广汽丰田iA5
390,广汽丰田,33,广汽丰田铂智4X,广汽丰田铂智4X
391,广汽丰田,33,汉兰达,汉兰达
392,广汽丰田,33,雷凌,雷凌
393,广汽三菱,34,三菱劲炫,三菱劲炫
394,广汽三菱,34,三菱奕歌,三菱奕歌
395,广汽三菱,34,三菱欧蓝德,三菱欧蓝德
396,广汽三菱,34,三菱阿图柯AIRTREK,三菱阿图柯AIRTREK
397,广汽三菱,34,祺智EV,祺智EV
398,广汽三菱,34,祺智PHEV,祺智PHEV
399,广汽埃安,35,埃安AION LX,埃安AION LX
400,广汽埃安,35,埃安AION RT,埃安AION RT
401,广汽埃安,35,埃安AION S,埃安AION S
402,广汽埃安,35,埃安AION UT,埃安AION UT
403,广汽埃安,35,埃安AION V,埃安AION V
404,广汽埃安,35,埃安AION Y,埃安AION Y
405,广汽埃安,35,广汽传祺GA3S PHEV,广汽传祺GA3S PHEV
406,广汽埃安,35,广汽传祺GE3,广汽传祺GE3
407,广汽埃安,35,广汽传祺GS4新能源,广汽传祺GS4新能源
408,广汽埃安,35,昊铂GT,昊铂GT
409,广汽埃安,35,昊铂HT,昊铂HT
410,广汽埃安,35,昊铂SSR,昊铂SSR
411,海马汽车,36,海马6P,海马6P
412,海马汽车,36,海马7X,海马7X
413,海马汽车,36,海马7X-E,海马7X-E
414,海马汽车,36,海马8S,海马8S
415,海马汽车,36,海马M3,海马M3
416,海马汽车,36,海马M3电动,海马M3电动
417,海马汽车,36,海马M6,海马M6
418,海马汽车,36,海马M8,海马M8
419,海马汽车,36,海马S5,海马S5
420,海马汽车,36,海马S7,海马S7
421,海马汽车,36,海马爱尚电动,海马爱尚电动
422,海马汽车,36,海马福美来,海马福美来
423,海马汽车,36,海马福美来F7,海马福美来F7
424,海马汽车,36,海马骑士,海马骑士
425,汉腾汽车,37,汉腾V7,汉腾V7
426,汉腾汽车,37,汉腾X5,汉腾X5
427,汉腾汽车,37,汉腾X5新能源,汉腾X5新能源
428,汉腾汽车,37,汉腾X7,汉腾X7
429,汉腾汽车,37,汉腾X7新能源,汉腾X7新能源
430,华晨宝马,38,宝马1系,宝马1系
431,华晨宝马,38,宝马2系,宝马2系
432,华晨宝马,38,宝马3系,宝马3系
433,华晨宝马,38,宝马5系,宝马5系
434,华晨宝马,38,宝马5系新能源,宝马5系新能源
435,华晨宝马,38,宝马X1,宝马X1
436,华晨宝马,38,宝马X1新能源,宝马X1新能源
437,华晨宝马,38,宝马X2,宝马X2
438,华晨宝马,38,宝马X3,宝马X3
439,华晨宝马,38,宝马X5,宝马X5
440,华晨宝马,38,宝马i3,宝马i3
441,华晨宝马,38,宝马i5,宝马i5
442,华晨宝马,38,宝马iX1,宝马iX1
443,华晨宝马,38,宝马iX3,宝马iX3
444,华晨鑫源,39,SRM鑫源金海狮,SRM鑫源金海狮
445,华晨鑫源,39,华晨金杯750,华晨金杯750
446,华晨中华,40,中华H220,中华H220
447,华晨中华,40,中华H230,中华H230
448,华晨中华,40,中华H3,中华H3
449,华晨中华,40,中华H330,中华H330
450,华晨中华,40,中华H530,中华H530
451,华晨中华,40,中华V3,中华V3
452,华晨中华,40,中华V5,中华V5
453,华晨中华,40,中华V6,中华V6
454,华晨中华,40,中华V7,中华V7
455,华晨中华,40,中华骏捷FRV,中华骏捷FRV
456,华晨中华,40,中华骏捷FSV,中华骏捷FSV
457,华泰汽车,41,华泰EV160,华泰EV160
458,华泰汽车,41,华泰XEV260,华泰XEV260
459,华泰汽车,41,华泰圣达菲,华泰圣达菲
460,华泰汽车,41,华泰圣达菲2,华泰圣达菲2
461,华泰汽车,41,华泰新能源EV,华泰新能源EV
462,华泰汽车,41,圣达菲2 XEV360,圣达菲2 XEV360
463,华泰汽车,41,路盛,路盛
464,华泰汽车,41,路盛E80,路盛E80
465,华泰汽车,41,路盛EV,路盛EV
466,华泰汽车,41,路盛S1,路盛S1
467,华泰汽车,41,路盛S1 iEV360,路盛S1 iEV360
468,吉利汽车,42,吉利ICON,吉利ICON
469,吉利汽车,42,吉利博瑞,吉利博瑞
470,吉利汽车,42,吉利博瑞GE新能源,吉利博瑞GE新能源
471,吉利汽车,42,吉利博瑞新能源,吉利博瑞新能源
472,吉利汽车,42,吉利博越,吉利博越
473,吉利汽车,42,吉利博越L,吉利博越L
474,吉利汽车,42,吉利嘉际,吉利嘉际
475,吉利汽车,42,吉利嘉际新能源,吉利嘉际新能源
476,吉利汽车,42,吉利帝豪,吉利帝豪
477,吉利汽车,42,吉利帝豪EV,吉利帝豪EV
478,吉利汽车,42,吉利帝豪GL,吉利帝豪GL
479,吉利汽车,42,吉利帝豪GL新能源,吉利帝豪GL新能源
480,吉利汽车,42,吉利帝豪GS,吉利帝豪GS
481,吉利汽车,42,吉利帝豪GSe,吉利帝豪GSe
482,吉利汽车,42,吉利帝豪L,吉利帝豪L
483,吉利汽车,42,吉利帝豪L 雷神Hi·P,吉利帝豪L 雷神Hi·P
484,吉利汽车,42,吉利帝豪S,吉利帝豪S
485,吉利汽车,42,吉利星愿,吉利星愿
486,吉利汽车,42,吉利星瑞,吉利星瑞
487,吉利汽车,42,吉利星瑞L,吉利星瑞L
488,吉利汽车,42,吉利星越,吉利星越
489,吉利汽车,42,吉利星越L,吉利星越L
490,吉利汽车,42,吉利星越L增程电动版,吉利星越L增程电动版
491,吉利汽车,42,吉利星越S,吉利星越S
492,吉利汽车,42,吉利星越新能源,吉利星越新能源
493,吉利汽车,42,吉利熊猫,吉利熊猫
494,吉利汽车,42,吉利缤瑞,吉利缤瑞
495,吉利汽车,42,吉利缤越,吉利缤越
496,吉利汽车,42,吉利缤越新能源,吉利缤越新能源
497,吉利汽车,42,吉利豪越,吉利豪越
498,吉利汽车,42,吉利远景,吉利远景
499,吉利汽车,42,吉利远景S1,吉利远景S1
500,吉利汽车,42,吉利远景X1,吉利远景X1
501,吉利汽车,42,吉利远景X3,吉利远景X3
502,吉利汽车,42,吉利远景X6,吉利远景X6
503,吉利汽车,42,吉利金刚,吉利金刚
504,江汽集团,43,江淮A5 PLUS,江淮A5 PLUS
505,江汽集团,43,江淮IEV,江淮IEV
506,江汽集团,43,江淮IEVA50,江淮IEVA50
507,江汽集团,43,江淮QX PHEV,江淮QX PHEV
508,江汽集团,43,江淮X8 E家,江淮X8 E家
509,江汽集团,43,江淮iC5,江淮iC5
510,江汽集团,43,江淮iEV6E,江淮iEV6E
511,江汽集团,43,江淮iEV7,江淮iEV7
512,江汽集团,43,江淮iEV7S,江淮iEV7S
513,江汽集团,43,江淮iEVS4,江淮iEVS4
514,江汽集团,43,江淮和悦,江淮和悦
515,江汽集团,43,江淮嘉悦A5,江淮嘉悦A5
516,江汽集团,43,江淮嘉悦X4,江淮嘉悦X4
517,江汽集团,43,江淮嘉悦X7,江淮嘉悦X7
518,江汽集团,43,江淮瑞风S2,江淮瑞风S2
519,江汽集团,43,江淮瑞风S3,江淮瑞风S3
520,江汽集团,43,江淮瑞风S4,江淮瑞风S4
521,江汽集团,43,江淮瑞风S5,江淮瑞风S5
522,江汽集团,43,江淮瑞风S7,江淮瑞风S7
523,江汽集团,43,江淮钇为3,江淮钇为3
524,江汽集团,43,瑞风E3,瑞风E3
525,江汽集团,43,瑞风M3,瑞风M3
526,江汽集团,43,瑞风RF8,瑞风RF8
527,江汽集团,43,瑞风RF8 PHEV,瑞风RF8 PHEV
528,江铃福特,44,福特撼路者,福特撼路者
529,江铃福特,44,福特烈马,福特烈马
530,江铃福特,44,福特途睿欧,福特途睿欧
531,江铃福特,44,福特领界,福特领界
532,江铃福特,44,福特领睿,福特领睿
533,江铃福特,44,福特领裕,福特领裕
534,江铃汽车,45,易至EX5,易至EX5
535,江铃汽车,45,江铃E160,江铃E160
536,江铃汽车,45,江铃E200,江铃E200
537,江铃汽车,45,江铃E300,江铃E300
538,江铃汽车,45,江铃E400,江铃E400
539,江铃汽车,45,江铃易至EV3,江铃易至EV3
540,江铃汽车,45,江铃易至EX5,江铃易至EX5
541,开瑞汽车,46,开瑞K50,开瑞K50
542,开瑞汽车,46,开瑞K50EV,开瑞K50EV
543,开瑞汽车,46,开瑞K60,开瑞K60
544,开瑞汽车,46,开瑞K60EV,开瑞K60EV
545,凯翼汽车,47,凯翼E3,凯翼E3
546,凯翼汽车,47,凯翼E5 EV,凯翼E5 EV
547,凯翼汽车,47,凯翼V3,凯翼V3
548,凯翼汽车,47,凯翼X3,凯翼X3
549,凯翼汽车,47,凯翼X5,凯翼X5
550,凯翼汽车,47,凯翼拾月,凯翼拾月
551,凯翼汽车,47,凯翼昆仑,凯翼昆仑
552,凯翼汽车,47,凯翼昆仑iHD,凯翼昆仑iHD
553,凯翼汽车,47,凯翼炫界,凯翼炫界
554,凯翼汽车,47,凯翼炫界EV,凯翼炫界EV
555,凯翼汽车,47,凯翼轩度,凯翼轩度
556,康迪电动车,48,全球鹰EX3,全球鹰EX3
557,康迪电动车,48,全球鹰K12,全球鹰K12
558,康迪电动车,48,全球鹰K17,全球鹰K17
559,康迪电动车,48,全球鹰K22,全球鹰K22
560,康迪电动车,48,全球鹰K27,全球鹰K27
561,康迪电动车,48,全球鹰K28,全球鹰K28
562,力帆汽车,49,力帆330,力帆330
563,力帆汽车,49,力帆530,力帆530
564,力帆汽车,49,力帆620,力帆620
565,力帆汽车,49,力帆650,力帆650
566,力帆汽车,49,力帆650EV,力帆650EV
567,力帆汽车,49,力帆720,力帆720
568,力帆汽车,49,力帆820,力帆820
569,力帆汽车,49,力帆820EV,力帆820EV
570,力帆汽车,49,力帆X50,力帆X50
571,力帆汽车,49,力帆X60,力帆X60
572,力帆汽车,49,力帆X70,力帆X70
573,力帆汽车,49,力帆X80,力帆X80
574,力帆汽车,49,力帆乐途,力帆乐途
575,力帆汽车,49,力帆枫叶80V,力帆枫叶80V
576,力帆汽车,49,力帆轩朗,力帆轩朗
577,力帆汽车,49,力帆迈威,力帆迈威
578,猎豹汽车,50,猎豹CS10,猎豹CS10
579,猎豹汽车,50,猎豹CS9,猎豹CS9
580,猎豹汽车,50,猎豹CS9新能源,猎豹CS9新能源
581,猎豹汽车,50,猎豹Q6,猎豹Q6
582,猎豹汽车,50,猎豹迈途,猎豹迈途
583,领途汽车,51,百智大熊,百智大熊
584,领途汽车,51,领途C99,领途C99
585,领途汽车,51,领途E行,领途E行
586,领途汽车,51,领途K-ONE,领途K-ONE
587,陆风汽车,52,陆风,陆风
588,奇瑞捷豹路虎,53,捷豹E-PACE,捷豹E-PACE
589,奇瑞捷豹路虎,53,捷豹XEL,捷豹XEL
590,奇瑞捷豹路虎,53,捷豹XFL,捷豹XFL
591,奇瑞捷豹路虎,53,路虎发现运动版,路虎发现运动版
592,奇瑞捷豹路虎,53,路虎发现运动版新能源,路虎发现运动版新能源
593,奇瑞捷豹路虎,53,路虎揽胜极光,路虎揽胜极光
594,奇瑞捷豹路虎,53,路虎揽胜极光新能源,路虎揽胜极光新能源
595,奇瑞汽车,54,奇瑞E3,奇瑞E3
596,奇瑞汽车,54,奇瑞QQ,奇瑞QQ
597,奇瑞汽车,54,奇瑞欧萌达,奇瑞欧萌达
598,奇瑞汽车,54,奇瑞瑞虎3,奇瑞瑞虎3
599,奇瑞汽车,54,奇瑞瑞虎3x,奇瑞瑞虎3x
600,奇瑞汽车,54,奇瑞瑞虎5,奇瑞瑞虎5
601,奇瑞汽车,54,奇瑞瑞虎5X,奇瑞瑞虎5X
602,奇瑞汽车,54,奇瑞瑞虎7,奇瑞瑞虎7
603,奇瑞汽车,54,奇瑞瑞虎7 PLUS PHEV,奇瑞瑞虎7 PLUS PHEV
604,奇瑞汽车,54,奇瑞瑞虎8,奇瑞瑞虎8
605,奇瑞汽车,54,奇瑞瑞虎8 PLUS鲲鹏e+,奇瑞瑞虎8 PLUS鲲鹏e+
606,奇瑞汽车,54,奇瑞瑞虎8L,奇瑞瑞虎8L
607,奇瑞汽车,54,奇瑞瑞虎9,奇瑞瑞虎9
608,奇瑞汽车,54,奇瑞瑞虎9 C-DM,奇瑞瑞虎9 C-DM
609,奇瑞汽车,54,奇瑞艾瑞泽5,奇瑞艾瑞泽5
610,奇瑞汽车,54,奇瑞艾瑞泽7,奇瑞艾瑞泽7
611,奇瑞汽车,54,奇瑞艾瑞泽8,奇瑞艾瑞泽8
612,奇瑞汽车,54,奇瑞艾瑞泽GX,奇瑞艾瑞泽GX
613,奇瑞汽车,54,奇瑞风云2,奇瑞风云2
614,奇瑞汽车,54,奇瑞风云A8,奇瑞风云A8
615,奇瑞汽车,54,奇瑞风云T10,奇瑞风云T10
616,奇瑞汽车,54,奇瑞风云T8,奇瑞风云T8
617,奇瑞汽车,54,奇瑞风云T9,奇瑞风云T9
618,奇瑞汽车,54,捷途X70,捷途X70
619,奇瑞汽车,54,捷途X70S EV,捷途X70S EV
620,奇瑞汽车,54,捷途X90,捷途X90
621,奇瑞汽车,54,捷途X95,捷途X95
622,奇瑞汽车,54,捷途大圣,捷途大圣
623,奇瑞汽车,54,捷途大圣i-DM,捷途大圣i-DM
624,奇瑞汽车,54,捷途山海L6,捷途山海L6
625,奇瑞汽车,54,捷途山海L7,捷途山海L7
626,奇瑞汽车,54,捷途山海L9,捷途山海L9
627,奇瑞汽车,54,捷途山海T1,捷途山海T1
628,奇瑞汽车,54,捷途山海T2,捷途山海T2
629,奇瑞汽车,54,捷途旅行者,捷途旅行者
630,奇瑞汽车,54,捷途自由者,捷途自由者
631,奇瑞汽车,54,探索06,探索06
632,奇瑞汽车,54,探索06 C-DM,探索06 C-DM
633,奇瑞汽车,54,星途LX,星途LX
634,奇瑞汽车,54,星途TX,星途TX
635,奇瑞汽车,54,瑞特思,瑞特思
636,上汽大通,55,上汽MAXUS D60,上汽MAXUS D60
637,上汽大通,55,上汽MAXUS D90,上汽MAXUS D90
638,上汽大通,55,上汽MAXUS EG10,上汽MAXUS EG10
639,上汽大通,55,上汽MAXUS EUNIQ 5,上汽MAXUS EUNIQ 5
640,上汽大通,55,上汽MAXUS EUNIQ 6,上汽MAXUS EUNIQ 6
641,上汽大通,55,上汽MAXUS EUNIQ 6 PLUG IN,上汽MAXUS EUNIQ 6 PLUG IN
642,上汽大通,55,上汽MAXUS G10,上汽MAXUS G10
643,上汽大通,55,上汽MAXUS G50,上汽MAXUS G50
644,上汽大通,55,上汽MAXUS G90,上汽MAXUS G90
645,上汽大通,55,上汽MAXUS 大家9,上汽MAXUS 大家9
646,上汽大通,55,上汽大通 大家5,上汽大通 大家5
647,上汽大通,55,上汽大通 大家5 PLUG IN,上汽大通 大家5 PLUG IN
648,上汽大通,55,上汽大通 大家7,上汽大通 大家7
649,上汽大通,55,上汽大通 大家7超混,上汽大通 大家7超混
650,上汽大通,55,上汽大通 大家9超混,上汽大通 大家9超混
651,上汽大通,55,上汽大通 大家MIFA氢,上汽大通 大家MIFA氢
652,上汽大通,55,上汽大通 领地,上汽大通 领地
653,上汽大通,55,上汽大通EG50,上汽大通EG50
654,上汽大通,55,上汽大通G20,上汽大通G20
655,上汽大通,55,上汽大通G70,上汽大通G70
656,上汽大通,55,上汽大通MAXUS EUNIQ 7,上汽大通MAXUS EUNIQ 7
657,上汽大通,55,大通大家5 PLUG IN,大通大家5 PLUG IN
658,上汽大众,56,ID.4 X,ID.4 X
659,上汽大众,56,大众Crosspolo,大众Crosspolo
660,上汽大众,56,大众ID.3,大众ID.3
661,上汽大众,56,大众ID.4 X,大众ID.4 X
662,上汽大众,56,大众ID.6 X,大众ID.6 X
663,上汽大众,56,大众POLO,大众POLO
664,上汽大众,56,大众凌渡,大众凌渡
665,上汽大众,56,大众威然,大众威然
666,上汽大众,56,大众帕萨特,大众帕萨特
667,上汽大众,56,大众帕萨特新能源,大众帕萨特新能源
668,上汽大众,56,大众朗行,大众朗行
669,上汽大众,56,大众朗逸,大众朗逸
670,上汽大众,56,大众朗逸纯电,大众朗逸纯电
671,上汽大众,56,大众桑塔纳,大众桑塔纳
672,上汽大众,56,大众辉昂,大众辉昂
673,上汽大众,56,大众途安,大众途安
674,上汽大众,56,大众途岳,大众途岳
675,上汽大众,56,大众途岳新能源,大众途岳新能源
676,上汽大众,56,大众途昂,大众途昂
677,上汽大众,56,大众途观L,大众途观L
678,上汽大众,56,大众途观L新能源,大众途观L新能源
679,上汽大众,56,大众途铠T-Cross,大众途铠T-Cross
680,上汽乘用车,57,MG Cyberster,MG Cyberster
681,上汽乘用车,57,MG ES5,MG ES5
682,上汽乘用车,57,MG MARVEL R,MG MARVEL R
683,上汽乘用车,57,MG ONE,MG ONE
684,上汽乘用车,57,MG ZS,MG ZS
685,上汽乘用车,57,MG3,MG3
686,上汽乘用车,57,MG4 EV,MG4 EV
687,上汽乘用车,57,MG5,MG5
688,上汽乘用车,57,MG6,MG6
689,上汽乘用车,57,MG7,MG7
690,上汽乘用车,57,MG领航,MG领航
691,上汽乘用车,57,MG领航 PHEV,MG领航 PHEV
692,上汽乘用车,57,名爵 GT,名爵 GT
693,上汽乘用车,57,名爵6新能源,名爵6新能源
694,上汽乘用车,57,名爵EZS纯电动,名爵EZS纯电动
695,上汽乘用车,57,名爵GS锐腾,名爵GS锐腾
696,上汽乘用车,57,名爵HS,名爵HS
697,上汽乘用车,57,名爵HS新能源,名爵HS新能源
698,上汽乘用车,57,科莱威CLEVER,科莱威CLEVER
699,上汽乘用车,57,荣威350,荣威350
700,上汽乘用车,57,荣威360,荣威360
701,上汽乘用车,57,荣威550混动,荣威550混动
702,上汽乘用车,57,荣威950,荣威950
703,上汽乘用车,57,荣威D5X DMH,荣威D5X DMH
704,上汽乘用车,57,荣威D7 DMH,荣威D7 DMH
705,上汽乘用车,57,荣威D7 EV,荣威D7 EV
706,上汽乘用车,57,荣威Ei5,荣威Ei5
707,上汽乘用车,57,荣威MARVEL X,荣威MARVEL X
708,上汽乘用车,57,荣威RX3,荣威RX3
709,上汽乘用车,57,荣威RX5,荣威RX5
710,上汽乘用车,57,荣威RX8,荣威RX8
711,上汽乘用车,57,荣威RX9,荣威RX9
712,上汽乘用车,57,荣威e950,荣威e950
713,上汽乘用车,57,荣威eRX5,荣威eRX5
714,上汽乘用车,57,荣威ei6,荣威ei6
715,上汽乘用车,57,荣威i5,荣威i5
716,上汽乘用车,57,荣威i6,荣威i6
717,上汽乘用车,57,荣威i6 MAX新能源,荣威i6 MAX新能源
718,上汽乘用车,57,荣威iMAX8,荣威iMAX8
719,上汽乘用车,57,荣威iMAX8 DMH,荣威iMAX8 DMH
720,上汽乘用车,57,荣威iMAX8 EV,荣威iMAX8 EV
721,上汽乘用车,57,荣威鲸,荣威鲸
722,上汽斯柯达,58,斯柯达明锐,斯柯达明锐
723,上汽斯柯达,58,斯柯达昕动,斯柯达昕动
724,上汽斯柯达,58,斯柯达昕锐,斯柯达昕锐
725,上汽斯柯达,58,斯柯达晶锐,斯柯达晶锐
726,上汽斯柯达,58,斯柯达柯珞克,斯柯达柯珞克
727,上汽斯柯达,58,斯柯达柯米克,斯柯达柯米克
728,上汽斯柯达,58,斯柯达柯迪亚克,斯柯达柯迪亚克
729,上汽斯柯达,58,斯柯达速派,斯柯达速派
730,上汽斯柯达,58,斯柯达野帝,斯柯达野帝
731,上汽通用别克,59,别克E4,别克E4
732,上汽通用别克,59,别克E5,别克E5
733,上汽通用别克,59,别克GL6,别克GL6
734,上汽通用别克,59,别克GL8,别克GL8
735,上汽通用别克,59,别克GL8 PHEV,别克GL8 PHEV
736,上汽通用别克,59,别克VELITE 5,别克VELITE 5
737,上汽通用别克,59,别克世纪,别克世纪
738,上汽通用别克,59,别克凯越,别克凯越
739,上汽通用别克,59,别克君威,别克君威
740,上汽通用别克,59,别克君越,别克君越
741,上汽通用别克,59,别克威朗,别克威朗
742,上汽通用别克,59,别克微蓝6,别克微蓝6
743,上汽通用别克,59,别克微蓝7,别克微蓝7
744,上汽通用别克,59,别克昂扬,别克昂扬
745,上汽通用别克,59,别克昂科威,别克昂科威
746,上汽通用别克,59,别克昂科拉,别克昂科拉
747,上汽通用别克,59,别克昂科拉GX,别克昂科拉GX
748,上汽通用别克,59,别克昂科旗,别克昂科旗
749,上汽通用别克,59,别克英朗,别克英朗
750,上汽通用别克,59,别克阅朗,别克阅朗
751,上汽通用凯迪拉克,60,凯迪拉克ATS-L,凯迪拉克ATS-L
752,上汽通用凯迪拉克,60,凯迪拉克CT4,凯迪拉克CT4
753,上汽通用凯迪拉克,60,凯迪拉克CT5,凯迪拉克CT5
754,上汽通用凯迪拉克,60,凯迪拉克CT6,凯迪拉克CT6
755,上汽通用凯迪拉克,60,凯迪拉克GT4,凯迪拉克GT4
756,上汽通用凯迪拉克,60,凯迪拉克IQ傲歌,凯迪拉克IQ傲歌
757,上汽通用凯迪拉克,60,凯迪拉克LYRIQ锐歌,凯迪拉克LYRIQ锐歌
758,上汽通用凯迪拉克,60,凯迪拉克XT4,凯迪拉克XT4
759,上汽通用凯迪拉克,60,凯迪拉克XT5,凯迪拉克XT5
760,上汽通用凯迪拉克,60,凯迪拉克XT6,凯迪拉克XT6
761,上汽通用凯迪拉克,60,凯迪拉克XTS,凯迪拉克XTS
762,上汽通用五菱,61,五菱Air ev晴空,五菱Air ev晴空
763,上汽通用五菱,61,五菱佳辰,五菱佳辰
764,上汽通用五菱,61,五菱凯捷,五菱凯捷
765,上汽通用五菱,61,五菱宏光,五菱宏光
766,上汽通用五菱,61,五菱宏光MINIEV,五菱宏光MINIEV
767,上汽通用五菱,61,五菱征程,五菱征程
768,上汽通用五菱,61,五菱星云,五菱星云
769,上汽通用五菱,61,五菱星光EV,五菱星光EV
770,上汽通用五菱,61,五菱星光PHEV,五菱星光PHEV
771,上汽通用五菱,61,五菱星光S EV,五菱星光S EV
772,上汽通用五菱,61,五菱星光S PHEV,五菱星光S PHEV
773,上汽通用五菱,61,五菱星辰,五菱星辰
774,上汽通用五菱,61,五菱星驰,五菱星驰
775,上汽通用五菱,61,五菱缤果,五菱缤果
776,上汽通用五菱,61,五菱缤果PLUS,五菱缤果PLUS
777,上汽通用五菱,61,宝骏KiWi EV,宝骏KiWi EV
778,上汽通用五菱,61,宝骏云朵,宝骏云朵
779,上汽通用五菱,61,宝骏云海EV,宝骏云海EV
780,上汽通用五菱,61,宝骏云海PHEV,宝骏云海PHEV
781,上汽通用五菱,61,宝骏悦也,宝骏悦也
782,上汽通用五菱,61,宝骏悦也Plus,宝骏悦也Plus
783,上汽通用雪佛兰,62,探界者Plus,探界者Plus
784,上汽通用雪佛兰,62,雪佛兰乐风RV,雪佛兰乐风RV
785,上汽通用雪佛兰,62,雪佛兰创界,雪佛兰创界
786,上汽通用雪佛兰,62,雪佛兰创酷,雪佛兰创酷
787,上汽通用雪佛兰,62,雪佛兰开拓者,雪佛兰开拓者
788,上汽通用雪佛兰,62,雪佛兰探界者,雪佛兰探界者
789,上汽通用雪佛兰,62,雪佛兰星迈罗,雪佛兰星迈罗
790,上汽通用雪佛兰,62,雪佛兰沃兰多,雪佛兰沃兰多
791,上汽通用雪佛兰,62,雪佛兰畅巡,雪佛兰畅巡
792,上汽通用雪佛兰,62,雪佛兰科沃兹,雪佛兰科沃兹
793,上汽通用雪佛兰,62,雪佛兰科鲁兹,雪佛兰科鲁兹
794,上汽通用雪佛兰,62,雪佛兰科鲁泽,雪佛兰科鲁泽
795,上汽通用雪佛兰,62,雪佛兰赛欧,雪佛兰赛欧
796,上汽通用雪佛兰,62,雪佛兰迈锐宝XL,雪佛兰迈锐宝XL
797,斯威汽车,63,斯威G01,斯威G01
798,斯威汽车,63,斯威G05,斯威G05
799,斯威汽车,63,斯威X2,斯威X2
800,斯威汽车,63,斯威X3,斯威X3
801,斯威汽车,63,斯威X7,斯威X7
802,斯威汽车,63,斯威大虎,斯威大虎
803,腾势汽车,64,腾势,腾势
804,腾势汽车,64,腾势D9 DM-i,腾势D9 DM-i
805,腾势汽车,64,腾势D9 EV,腾势D9 EV
806,腾势汽车,64,腾势N8 DM,腾势N8 DM
807,腾势汽车,64,腾势X,腾势X
808,腾势汽车,64,腾势Z9 DM-i,腾势Z9 DM-i
809,腾势汽车,64,腾势Z9 EV,腾势Z9 EV
810,腾势汽车,64,腾势Z9GT DM-i,腾势Z9GT DM-i
811,腾势汽车,64,腾势Z9GT EV,腾势Z9GT EV
812,天津一汽,65,一汽夏利,一汽夏利
813,天津一汽,65,一汽威志V2,一汽威志V2
814,天津一汽,65,一汽骏派A50,一汽骏派A50
815,天津一汽,65,一汽骏派A70,一汽骏派A70
816,天津一汽,65,一汽骏派A70E,一汽骏派A70E
817,天津一汽,65,一汽骏派CX65,一汽骏派CX65
818,天津一汽,65,一汽骏派D60,一汽骏派D60
819,天津一汽,65,一汽骏派D80,一汽骏派D80
820,蔚来汽车,67,蔚来EC6,"NIO EC6, 蔚来EC6"
821,蔚来汽车,67,蔚来ET5,"NIO ET5, 蔚来ET5"
822,蔚来汽车,67,蔚来ET5T,蔚来ET5T
823,蔚来汽车,67,蔚来ES6,"NIO ES6, 蔚来ES6"
824,蔚来汽车,67,蔚来EC7,"NIO EC7, 蔚来EC7"
825,蔚来汽车,67,蔚来ET7,"NIO ET7, 蔚来ET7"
826,蔚来汽车,67,蔚来ES7,"NIO ES7, 蔚来ES7"
827,蔚来汽车,67,蔚来ES8,"NIO ES8, 蔚来ES8"
828,蔚来汽车,67,乐道L60,乐道L60
829,沃尔沃亚太,68,沃尔沃XC60,"Volvo XC60, 沃尔沃XC60"
830,沃尔沃亚太,68,沃尔沃XC60 PHEV,"Volvo XC60 PHEV, 沃尔沃XC60 PHEV"
831,沃尔沃亚太,68,沃尔沃XC40,"Volvo XC40, 沃尔沃XC40"
832,沃尔沃亚太,68,沃尔沃XC40 EV,沃尔沃XC40 EV
833,沃尔沃亚太,68,沃尔沃S60 PHEV,"Volvo S60 PHEV, 沃尔沃S60 PHEV"
834,沃尔沃亚太,68,沃尔沃S60,"Volvo S60, 沃尔沃S60"
835,沃尔沃亚太,68,沃尔沃S90 PHEV,"Volvo S90 PHEV, 沃尔沃S90 PHEV"
836,沃尔沃亚太,68,沃尔沃S90,"Volvo S90, 沃尔沃S90"
837,沃尔沃亚太,68,沃尔沃C40 EV,沃尔沃C40 EV
838,沃尔沃亚太,68,沃尔沃EX30,沃尔沃EX30
839,沃尔沃亚太,68,沃尔沃EM90,沃尔沃EM90
840,野马汽车,69,野马E70电动,野马E70电动
841,野马汽车,69,野马T60博骏,野马T60博骏
842,野马汽车,69,野马T70,野马T70
843,野马汽车,69,野马T80,野马T80
844,野马汽车,69,野马斯派卡,野马斯派卡
845,野马汽车,69,野马斯派卡新能源,野马斯派卡新能源
846,一汽奔腾,70,奔腾B30,奔腾B30
847,一汽奔腾,70,奔腾B30EV,奔腾B30EV
848,一汽奔腾,70,奔腾B50,奔腾B50
849,一汽奔腾,70,奔腾B70,奔腾B70
850,一汽奔腾,70,奔腾B70S,奔腾B70S
851,一汽奔腾,70,奔腾E01,奔腾E01
852,一汽奔腾,70,奔腾M9,奔腾M9
853,一汽奔腾,70,奔腾NAT,奔腾NAT
854,一汽奔腾,70,奔腾SENIA R9,奔腾SENIA R9
855,一汽奔腾,70,奔腾T33,奔腾T33
856,一汽奔腾,70,奔腾T55,奔腾T55
857,一汽奔腾,70,奔腾T77,奔腾T77
858,一汽奔腾,70,奔腾T90,奔腾T90
859,一汽奔腾,70,奔腾T99,奔腾T99
860,一汽奔腾,70,奔腾X40,奔腾X40
861,一汽奔腾,70,奔腾X40新能源,奔腾X40新能源
862,一汽奔腾,70,奔腾X80,奔腾X80
863,一汽奔腾,70,奔腾小马,奔腾小马
864,一汽大众,71,大众CC,大众CC
865,一汽大众,71,大众ID.4 CROZZ,大众ID.4 CROZZ
866,一汽大众,71,大众ID.6 CROZZ,大众ID.6 CROZZ
867,一汽大众,71,大众ID.7 VIZZION,大众ID.7 VIZZION
868,一汽大众,71,大众宝来,大众宝来
869,一汽大众,71,大众宝来·纯电,大众宝来·纯电
870,一汽大众,71,大众捷达,大众捷达
871,一汽大众,71,大众探岳,大众探岳
872,一汽大众,71,大众探岳GTE,大众探岳GTE
873,一汽大众,71,大众探岳X,大众探岳X
874,一汽大众,71,大众探影,大众探影
875,一汽大众,71,大众探歌T-ROC,大众探歌T-ROC
876,一汽大众,71,大众揽境,大众揽境
877,一汽大众,71,大众揽巡,大众揽巡
878,一汽大众,71,大众蔚领,大众蔚领
879,一汽大众,71,大众迈腾,大众迈腾
880,一汽大众,71,大众迈腾GTE,大众迈腾GTE
881,一汽大众,71,大众速腾,大众速腾
882,一汽大众,71,大众高尔夫,大众高尔夫
883,一汽大众,71,大众高尔夫·纯电,大众高尔夫·纯电
884,一汽大众,71,大众高尔夫嘉旅,大众高尔夫嘉旅
885,一汽大众奥迪,72,奥迪A3,奥迪A3
886,一汽大众奥迪,72,奥迪A4L,奥迪A4L
887,一汽大众奥迪,72,奥迪A6L,奥迪A6L
888,一汽大众奥迪,72,奥迪A6L新能源,奥迪A6L新能源
889,一汽大众奥迪,72,奥迪Q2L,奥迪Q2L
890,一汽大众奥迪,72,奥迪Q2L e-tron,奥迪Q2L e-tron
891,一汽大众奥迪,72,奥迪Q3,奥迪Q3
892,一汽大众奥迪,72,奥迪Q3 Sportback,奥迪Q3 Sportback
893,一汽大众奥迪,72,奥迪Q4 e-tron,奥迪Q4 e-tron
894,一汽大众奥迪,72,奥迪Q5L,奥迪Q5L
895,一汽大众奥迪,72,奥迪Q5L Sportback,奥迪Q5L Sportback
896,一汽大众奥迪,72,奥迪e-tron,奥迪e-tron
897,一汽丰田,73,一汽丰田bZ4X,一汽丰田bZ4X
898,一汽丰田,73,丰田RAV4,丰田RAV4
899,一汽丰田,73,丰田RAV4荣放双擎E+,丰田RAV4荣放双擎E+
900,一汽丰田,73,丰田bZ3,丰田bZ3
901,一汽丰田,73,丰田亚洲狮,丰田亚洲狮
902,一汽丰田,73,丰田亚洲龙,丰田亚洲龙
903,一汽丰田,73,丰田凌放HARRIER,丰田凌放HARRIER
904,一汽丰田,73,丰田卡罗拉,丰田卡罗拉
905,一汽丰田,73,丰田卡罗拉双擎E+,丰田卡罗拉双擎E+
906,一汽丰田,73,丰田卡罗拉锐放,丰田卡罗拉锐放
907,一汽丰田,73,丰田奕泽,丰田奕泽
908,一汽丰田,73,丰田奕泽E进擎,丰田奕泽E进擎
909,一汽丰田,73,丰田威驰,丰田威驰
910,一汽丰田,73,丰田威驰FS,丰田威驰FS
911,一汽丰田,73,丰田普拉多,丰田普拉多
912,一汽丰田,73,丰田格瑞维亚,丰田格瑞维亚
913,一汽丰田,73,丰田皇冠,丰田皇冠
914,一汽丰田,73,皇冠陆放,皇冠陆放
915,一汽海马,74,红旗HQ9,红旗HQ9
916,一汽红旗,75,红旗E-HS3,红旗E-HS3
917,一汽红旗,75,红旗E-HS9,红旗E-HS9
918,一汽红旗,75,红旗E-QM5,红旗E-QM5
919,一汽红旗,75,红旗EH7,红旗EH7
920,一汽红旗,75,红旗H5,红旗H5
921,一汽红旗,75,红旗H5经典,红旗H5经典
922,一汽红旗,75,红旗H6,红旗H6
923,一汽红旗,75,红旗H7,红旗H7
924,一汽红旗,75,红旗H9,红旗H9
925,一汽红旗,75,红旗HQ9 PHEV,红旗HQ9 PHEV
926,一汽红旗,75,红旗HS3,红旗HS3
927,一汽红旗,75,红旗HS3 PHEV,红旗HS3 PHEV
928,一汽红旗,75,红旗HS5,红旗HS5
929,一汽红旗,75,红旗HS7,红旗HS7
930,一汽红旗,75,红旗HS7 PHEV,红旗HS7 PHEV
931,一汽红旗,75,红旗国礼L5,红旗国礼L5
932,一汽红旗,75,红旗国耀LS7,红旗国耀LS7
933,一汽红旗,75,红旗国雅,红旗国雅
934,一汽红旗,75,红旗天工05,红旗天工05
935,一汽红旗,75,红旗天工08,红旗天工08
936,一汽吉林,76,一汽森雅R7,一汽森雅R7
937,一汽吉林,76,一汽森雅R8,一汽森雅R8
938,一汽吉林,76,一汽森雅R9,一汽森雅R9
939,一汽马自达,77,马自达CX-4,马自达CX-4
940,一汽马自达,77,马自达阿特兹,马自达阿特兹
941,云度新能源,78,云度π1,云度π1
942,云度新能源,78,云度π3,云度π3
943,云雀汽车,79,全界Q1,全界Q1
944,长安标致雪铁龙,80,DS 4S,DS 4S
945,长安标致雪铁龙,80,DS 5,DS 5
946,长安标致雪铁龙,80,DS 5LS,DS 5LS
947,长安标致雪铁龙,80,DS 6,DS 6
948,长安标致雪铁龙,80,DS 7,DS 7
949,长安标致雪铁龙,80,DS 9,DS 9
950,长安标致雪铁龙,80,DS 9 PHEV,DS 9 PHEV
951,长安福特,81,福特EVOS,福特EVOS
952,长安福特,81,福特探险者,福特探险者
953,长安福特,81,福特福克斯,福特福克斯
954,长安福特,81,福特福睿斯,福特福睿斯
955,长安福特,81,福特翼搏,福特翼搏
956,长安福特,81,福特翼虎,福特翼虎
957,长安福特,81,福特蒙迪欧,福特蒙迪欧
958,长安福特,81,福特金牛座,福特金牛座
959,长安福特,81,福特锐界,福特锐界
960,长安福特,81,福特锐际,福特锐际
961,长安福特,81,福特锐际新能源,福特锐际新能源
962,长安铃木,82,铃木启悦,铃木启悦
963,长安铃木,82,铃木天语,铃木天语
964,长安铃木,82,铃木维特拉,铃木维特拉
965,长安铃木,82,铃木锋驭,铃木锋驭
966,长安铃木,82,铃木雨燕,铃木雨燕
967,长安铃木,82,铃木骁途,铃木骁途
968,长安马自达,83,马自达3昂克赛拉,马自达3昂克赛拉
969,长安马自达,83,马自达CX-30,马自达CX-30
970,长安马自达,83,马自达CX-30 EV,马自达CX-30 EV
971,长安马自达,83,马自达CX-5,马自达CX-5
972,长安马自达,83,马自达CX-50行也,马自达CX-50行也
973,长安马自达,83,马自达CX-8,马自达CX-8
974,长安马自达,83,马自达EZ-6,马自达EZ-6
975,长安汽车,84,长安CS15,长安CS15
976,长安汽车,84,长安CS15 EV,长安CS15 EV
977,长安汽车,84,长安CS35 PLUS,长安CS35 PLUS
978,长安汽车,84,长安CS55 PLUS,长安CS55 PLUS
979,长安汽车,84,长安CS75 PLUS,长安CS75 PLUS
980,长安汽车,84,长安CS75 PLUS 智电iDD,长安CS75 PLUS 智电iDD
981,长安汽车,84,长安CS85 COUPE,长安CS85 COUPE
982,长安汽车,84,长安CS95,长安CS95
983,长安汽车,84,长安Lumin,长安Lumin
984,长安汽车,84,长安UNI-K,长安UNI-K
985,长安汽车,84,长安UNI-K 智电iDD,长安UNI-K 智电iDD
986,长安汽车,84,长安UNI-T,长安UNI-T
987,长安汽车,84,长安UNI-V,长安UNI-V
988,长安汽车,84,长安UNI-V智电iDD,长安UNI-V智电iDD
989,长安汽车,84,长安UNI-Z,长安UNI-Z
990,长安汽车,84,长安UNI-Z PHEV,长安UNI-Z PHEV
991,长安汽车,84,长安凌轩,长安凌轩
992,长安汽车,84,长安奔奔,长安奔奔
993,长安汽车,84,长安奔奔E-Star,长安奔奔E-Star
994,长安汽车,84,长安悦翔,长安悦翔
995,长安汽车,84,长安悦翔V3,长安悦翔V3
996,长安汽车,84,长安欧力威EV,长安欧力威EV
997,长安汽车,84,长安欧尚A600,长安欧尚A600
998,长安汽车,84,长安欧尚A600 EV,长安欧尚A600 EV
999,长安汽车,84,长安欧尚A800,长安欧尚A800
1000,长安汽车,84,长安欧尚CX70,长安欧尚CX70
1001,长安汽车,84,长安欧尚X5,长安欧尚X5
1002,长安汽车,84,长安欧尚X5 PLUS,长安欧尚X5 PLUS
1003,长安汽车,84,长安欧尚X7 PLUS,长安欧尚X7 PLUS
1004,长安汽车,84,长安欧尚X70A,长安欧尚X70A
1005,长安汽车,84,长安欧尚Z6,长安欧尚Z6
1006,长安汽车,84,长安欧尚Z6 iDD,长安欧尚Z6 iDD
1007,长安汽车,84,长安欧尚尼欧Ⅱ,长安欧尚尼欧Ⅱ
1008,长安汽车,84,长安欧尚科尚,长安欧尚科尚
1009,长安汽车,84,长安欧尚科赛,长安欧尚科赛
1010,长安汽车,84,长安欧尚科赛3,长安欧尚科赛3
1011,长安汽车,84,长安欧尚科赛5,长安欧尚科赛5
1012,长安汽车,84,长安欧诺S,长安欧诺S
1013,长安汽车,84,长安睿骋,长安睿骋
1014,长安汽车,84,长安逸动,长安逸动
1015,长安汽车,84,长安逸动DT,长安逸动DT
1016,长安汽车,84,长安逸动EV,长安逸动EV
1017,长安汽车,84,长安逸动XT,长安逸动XT
1018,长安汽车,84,长安逸动新能源,长安逸动新能源
1019,长安汽车,84,长安逸达,长安逸达
1020,长安汽车,84,长安锐程CC,长安锐程CC
1021,长安汽车,84,长安锐程PLUS,长安锐程PLUS
1022,长安汽车,84,长安长行,长安长行
1023,长城汽车,85,哈弗F5,哈弗F5
1024,长城汽车,85,哈弗F7,哈弗F7
1025,长城汽车,85,哈弗H1,哈弗H1
1026,长城汽车,85,哈弗H2,哈弗H2
1027,长城汽车,85,哈弗H4,哈弗H4
1028,长城汽车,85,哈弗H5,哈弗H5
1029,长城汽车,85,哈弗H6,哈弗H6
1030,长城汽车,85,哈弗H6新能源,哈弗H6新能源
1031,长城汽车,85,哈弗H7,哈弗H7
1032,长城汽车,85,哈弗H8,哈弗H8
1033,长城汽车,85,哈弗H9,哈弗H9
1034,长城汽车,85,哈弗M6,哈弗M6
1035,长城汽车,85,哈弗二代大狗PHEV,哈弗二代大狗PHEV
1036,长城汽车,85,哈弗初恋,哈弗初恋
1037,长城汽车,85,哈弗大狗,哈弗大狗
1038,长城汽车,85,哈弗枭龙MAX,哈弗枭龙MAX
1039,长城汽车,85,哈弗猛龙PHEV,哈弗猛龙PHEV
1040,长城汽车,85,哈弗神兽,哈弗神兽
1041,长城汽车,85,哈弗赤兔,哈弗赤兔
1042,长城汽车,85,哈弗酷狗,哈弗酷狗
1043,长城汽车,85,坦克300,坦克300
1044,长城汽车,85,坦克300 Hi4-T,坦克300 Hi4-T
1045,长城汽车,85,坦克400 Hi4-T,坦克400 Hi4-T
1046,长城汽车,85,坦克500,坦克500
1047,长城汽车,85,坦克500 Hi4-T,坦克500 Hi4-T
1048,长城汽车,85,坦克700 Hi4-T,坦克700 Hi4-T
1049,长城汽车,85,欧拉iQ,欧拉iQ
1050,长城汽车,85,欧拉好猫,欧拉好猫
1051,长城汽车,85,欧拉白猫,欧拉白猫
1052,长城汽车,85,欧拉芭蕾猫,欧拉芭蕾猫
1053,长城汽车,85,欧拉闪电猫,欧拉闪电猫
1054,长城汽车,85,欧拉黑猫,欧拉黑猫
1055,长城汽车,85,长城C30,长城C30
1056,长城汽车,85,长城C30新能源,长城C30新能源
1057,长城汽车,85,魏牌P8,魏牌P8
1058,长城汽车,85,魏牌VV5,魏牌VV5
1059,长城汽车,85,魏牌VV6,魏牌VV6
1060,长城汽车,85,魏牌VV7,魏牌VV7
1061,长城汽车,85,魏牌拿铁DHT,魏牌拿铁DHT
1062,长城汽车,85,魏牌拿铁DHT-PHEV,魏牌拿铁DHT-PHEV
1063,长城汽车,85,魏牌摩卡,魏牌摩卡
1064,长城汽车,85,魏牌摩卡DHT-PHEV,魏牌摩卡DHT-PHEV
1065,长城汽车,85,魏牌玛奇朵DHT,魏牌玛奇朵DHT
1066,长城汽车,85,魏牌玛奇朵DHT-PHEV,魏牌玛奇朵DHT-PHEV
1067,长城汽车,85,魏牌蓝山,魏牌蓝山
1068,长城汽车,85,魏牌高山,魏牌高山
1069,郑州日产,86,东风帅客,东风帅客
1070,郑州日产,86,东风风度MX6,东风风度MX6
1071,郑州日产,86,帕拉丁,帕拉丁
1072,郑州日产,86,日产NV200,日产NV200
1073,郑州日产,86,日产途达,日产途达
1074,知豆电动车,87,知豆D2,知豆D2
1075,知豆电动车,87,知豆D3,知豆D3
1076,众泰汽车,88,云100,云100
1077,众泰汽车,88,众泰E200,众泰E200
1078,众泰汽车,88,众泰SR7,众泰SR7
1079,众泰汽车,88,众泰SR9,众泰SR9
1080,众泰汽车,88,众泰T300,众泰T300
1081,众泰汽车,88,众泰T300新能源,众泰T300新能源
1082,众泰汽车,88,众泰T500,众泰T500
1083,众泰汽车,88,众泰T600,众泰T600
1084,众泰汽车,88,众泰T700,众泰T700
1085,众泰汽车,88,众泰Z100,众泰Z100
1086,众泰汽车,88,众泰Z300,众泰Z300
1087,众泰汽车,88,众泰Z500,众泰Z500
1088,众泰汽车,88,众泰Z500EV,众泰Z500EV
1089,众泰汽车,88,众泰Z700,众泰Z700
1090,众泰汽车,88,君马S70,君马S70
1091,众泰汽车,88,君马SEEK 5,君马SEEK 5
1092,众泰汽车,88,大迈X5,大迈X5
1093,众泰汽车,88,大迈X7,大迈X7
1094,众泰汽车,88,江南T11,江南T11
1095,众泰汽车,88,江南奥拓,江南奥拓
1096,众泰汽车,88,芝麻E30,芝麻E30
1097,广汽讴歌,89,讴歌CDX,讴歌CDX
1098,广汽讴歌,89,讴歌RDX,讴歌RDX
1099,广汽讴歌,89,讴歌TLX-L,讴歌TLX-L
1100,华晨金杯,90,金杯F50,金杯F50
1101,华晨金杯,90,金杯阁瑞斯,金杯阁瑞斯
1102,小鹏汽车,91,小鹏G3,小鹏G3
1103,小鹏汽车,91,小鹏G6,小鹏G6
1104,小鹏汽车,91,小鹏G9,小鹏G9
1105,小鹏汽车,91,小鹏MONA M03,小鹏MONA M03
1106,小鹏汽车,91,小鹏P5,小鹏P5
1107,小鹏汽车,91,小鹏P7,小鹏P7
1108,小鹏汽车,91,小鹏P7+,小鹏P7+
1109,小鹏汽车,91,小鹏X9,小鹏X9
1110,广汽菲亚特,92,菲亚特菲翔,菲亚特菲翔
1111,华晨华颂,93,华颂7,华颂7
1112,东风汽车,94,纳米01,纳米01
1113,东风汽车,94,纳米BOX,纳米BOX
1114,东风汽车,94,纳米EX1,纳米EX1
1115,合众新能源,95,哪吒AYA,哪吒AYA
1116,合众新能源,95,哪吒GT,哪吒GT
1117,合众新能源,95,哪吒L,哪吒L
1118,合众新能源,95,哪吒N01,哪吒N01
1119,合众新能源,95,哪吒S,哪吒S
1120,合众新能源,95,哪吒U,哪吒U
1121,合众新能源,95,哪吒V,哪吒V
1122,合众新能源,95,哪吒X,哪吒X
1123,新特汽车,96,新特SITECH DEV 1,新特SITECH DEV 1
1124,威马汽车,97,威马E.5,威马E.5
1125,威马汽车,97,威马EX5,威马EX5
1126,威马汽车,97,威马EX6,威马EX6
1127,威马汽车,97,威马W6,威马W6
1128,华晨雷诺,98,观境,观境
1129,一汽大众捷达,99,捷达VA3,捷达VA3
1130,一汽大众捷达,99,捷达VA7,捷达VA7
1131,一汽大众捷达,99,捷达VS5,捷达VS5
1132,一汽大众捷达,99,捷达VS7,捷达VS7
1133,雷丁,100,雷丁i3,雷丁i3
1134,雷丁,100,雷丁i5,雷丁i5
1135,雷丁,100,雷丁i9,雷丁i9
1136,雷丁,100,雷丁芒果,雷丁芒果
1137,江淮大众,101,思皓E20X,思皓E20X
1138,国机智骏,102,GC,GC
1139,国机智骏,102,GX5,GX5
1140,国机智骏,102,国机智骏GC,国机智骏GC
1141,国机智骏,102,国机智骏GX5,国机智骏GX5
1142,理想汽车,103,理想L6,理想L6
1143,理想汽车,103,理想L7,理想L7
1144,理想汽车,103,理想L8,理想L8
1145,理想汽车,103,理想L9,理想L9
1146,理想汽车,103,理想MEGA,理想MEGA
1147,理想汽车,103,理想ONE,理想ONE
1148,特斯拉中国,104,特斯拉Model 3,"Model 3, Tesla Model 3, 特斯拉Model 3"
1149,特斯拉中国,104,特斯拉Model Y,"Model Y, Tesla Model Y, 特斯拉Model Y"
1150,长安林肯,105,林肯Z,林肯Z
1151,长安林肯,105,林肯冒险家,林肯冒险家
1152,长安林肯,105,林肯冒险家PHEV,林肯冒险家PHEV
1153,长安林肯,105,林肯航海家,林肯航海家
1154,长安林肯,105,林肯飞行家,林肯飞行家
1155,合创汽车,106,合创007,合创007
1156,合创汽车,106,合创A06,合创A06
1157,合创汽车,106,合创V09,合创V09
1158,合创汽车,106,合创Z03,合创Z03
1159,北京越野,107,北京BJ30,北京BJ30
1160,爱驰汽车,108,爱驰U5,爱驰U5
1161,爱驰汽车,108,爱驰U6,爱驰U6
1162,零跑汽车,109,零跑C01,零跑C01
1163,零跑汽车,109,零跑C10,零跑C10
1164,零跑汽车,109,零跑C11,零跑C11
1165,零跑汽车,109,零跑C16,零跑C16
1166,零跑汽车,109,零跑S01,零跑S01
1167,零跑汽车,109,零跑T03,零跑T03
1168,瑞驰新能源,110,瑞驰新能源S513,瑞驰新能源S513
1169,赛力斯,111,赛力斯A5,赛力斯A5
1170,赛力斯,111,赛力斯SF5,赛力斯SF5
1171,赛力斯,111,问界M5,问界M5
1172,赛力斯,111,问界M7,问界M7
1173,赛力斯,111,问界M9,问界M9
1174,吉麦新能源,112,凌宝BOX,凌宝BOX
1175,吉麦新能源,112,凌宝Uni,凌宝Uni
1176,江淮汽车,113,思皓A5,思皓A5
1177,江淮汽车,113,思皓E10X花仙子,思皓E10X花仙子
1178,江淮汽车,113,思皓E40X,思皓E40X
1179,江淮汽车,113,思皓E50A,思皓E50A
1180,江淮汽车,113,思皓QX,思皓QX
1181,江淮汽车,113,思皓X4,思皓X4
1182,江淮汽车,113,思皓X6,思皓X6
1183,江淮汽车,113,思皓X7,思皓X7
1184,江淮汽车,113,思皓X8,思皓X8
1185,江淮汽车,113,思皓X8 PLUS,思皓X8 PLUS
1186,江淮汽车,113,思皓曜,思皓曜
1187,江淮汽车,113,江淮X8 PLUS,江淮X8 PLUS
1188,江淮汽车,113,江淮爱跑,江淮爱跑
1189,睿蓝汽车,114,枫叶30X,枫叶30X
1190,睿蓝汽车,114,枫叶60s,枫叶60s
1191,睿蓝汽车,114,枫叶80V,枫叶80V
1192,睿蓝汽车,114,睿蓝7,睿蓝7
1193,睿蓝汽车,114,睿蓝8,睿蓝8
1194,睿蓝汽车,114,睿蓝9,睿蓝9
1195,睿蓝汽车,114,睿蓝X3 PRO,睿蓝X3 PRO
1196,长安凯程,115,长安凯程,长安凯程
1197,长安凯程,115,长安睿行ES30,长安睿行ES30
1198,御捷新能源,116,朋克多多,朋克多多
1199,御捷新能源,116,朋克美美,朋克美美
1200,创维汽车,117,创维EV6,创维EV6
1201,创维汽车,117,创维HT-i,创维HT-i
1202,大运汽车,118,大运悦虎,大运悦虎
1203,大运汽车,118,远志M1,远志M1
1204,岚图汽车,119,岚图FREE,岚图FREE
1205,岚图汽车,119,岚图梦想家 EV,岚图梦想家 EV
1206,岚图汽车,119,岚图梦想家PHEV,岚图梦想家PHEV
1207,岚图汽车,119,岚图知音,岚图知音
1208,岚图汽车,119,岚图追光 EV,岚图追光 EV
1209,岚图汽车,119,岚图追光 PHEV,岚图追光 PHEV
1210,金康新能源,120,金康风光E3,金康风光E3
1211,雷诺 江铃集团,121,小麒麟,小麒麟
1212,雷诺 江铃集团,121,雷诺江铃羿,雷诺江铃羿
1213,小虎汽车,122,小虎FEV,小虎FEV
1214,领克汽车,123,领克01,领克01
1215,领克汽车,123,领克01 EM-P,领克01 EM-P
1216,领克汽车,123,领克02,领克02
1217,领克汽车,123,领克02新能源,领克02新能源
1218,领克汽车,123,领克03,领克03
1219,领克汽车,123,领克03新能源,领克03新能源
1220,领克汽车,123,领克05,领克05
1221,领克汽车,123,领克05 EM-P,领克05 EM-P
1222,领克汽车,123,领克06,领克06
1223,领克汽车,123,领克06 EM-P,领克06 EM-P
1224,领克汽车,123,领克07 EM-P,领克07 EM-P
1225,领克汽车,123,领克08 EM-P,领克08 EM-P
1226,领克汽车,123,领克09,领克09
1227,领克汽车,123,领克09 EM-P,领克09 EM-P
1228,领克汽车,123,领克Z10,领克Z10
1229,领克汽车,123,领克Z20,领克Z20
1230,极氪汽车,124,极氪001,极氪001
1231,极氪汽车,124,极氪007,极氪007
1232,极氪汽车,124,极氪009,极氪009
1233,极氪汽车,124,极氪7X,极氪7X
1234,极氪汽车,124,极氪MIX,极氪MIX
1235,极氪汽车,124,极氪X,极氪X
1236,奇瑞新能源,125,iCAR 03,iCAR 03
1237,奇瑞新能源,125,iCAR V23,iCAR V23
1238,奇瑞新能源,125,奇瑞QQ冰淇淋,奇瑞QQ冰淇淋
1239,奇瑞新能源,125,奇瑞大蚂蚁,奇瑞大蚂蚁
1240,奇瑞新能源,125,奇瑞小蚂蚁,奇瑞小蚂蚁
1241,奇瑞新能源,125,奇瑞无界Pro,奇瑞无界Pro
1242,奇瑞新能源,125,奇瑞瑞虎3xe,奇瑞瑞虎3xe
1243,奇瑞新能源,125,奇瑞瑞虎e,奇瑞瑞虎e
1244,奇瑞新能源,125,奇瑞艾瑞泽5e,奇瑞艾瑞泽5e
1245,奇瑞新能源,125,奇瑞艾瑞泽e,奇瑞艾瑞泽e
1246,几何汽车,126,几何A,几何A
1247,几何汽车,126,几何C,几何C
1248,几何汽车,126,几何E,几何E
1249,几何汽车,126,几何EX3 功夫牛,几何EX3 功夫牛
1250,几何汽车,126,几何G6,几何G6
1251,几何汽车,126,几何M6,几何M6
1252,华晨新日,127,华晨新日i03,华晨新日i03
1253,华晨新日,127,华晨新日i03A,华晨新日i03A
1254,电动屋,128,电动屋YOUNG光小新,电动屋YOUNG光小新
1255,上汽奥迪,129,奥迪A7L,奥迪A7L
1256,上汽奥迪,129,奥迪Q5 e-tron,奥迪Q5 e-tron
1257,上汽奥迪,129,奥迪Q6,奥迪Q6
1258,吉利银河,130,吉利银河,吉利银河
1259,吉利银河,130,吉利银河E5,吉利银河E5
1260,吉利银河,130,吉利银河E8,吉利银河E8
1261,吉利银河,130,吉利银河L6,吉利银河L6
1262,吉利银河,130,吉利银河L7,吉利银河L7
1263,吉利银河,130,吉利银河星舰7 EM-i,吉利银河星舰7 EM-i
1264,吉利银河,130,银河E5,银河E5
1265,吉利银河,130,银河E8,银河E8
1266,吉利银河,130,银河L6,银河L6
1267,吉利银河,130,银河L7,银河L7
1268,吉利银河,130,银河星舰7 EM-i,银河星舰7 EM-i
1269,神龙汽车,131,东风富康ES500,东风富康ES500
1270,神龙汽车,131,东风富康e爱丽舍,东风富康e爱丽舍
1271,神龙汽车,131,富康ES600,富康ES600
1272,天际汽车,132,天际ME5,天际ME5
1273,国金汽车,133,国金骏行,国金骏行
1274,智己汽车,134,智己L6,智己L6
1275,智己汽车,134,智己L7,智己L7
1276,智己汽车,134,智己LS6,智己LS6
1277,智己汽车,134,智己LS7,智己LS7
1278,飞凡汽车,135,飞凡ER6,飞凡ER6
1279,飞凡汽车,135,飞凡F7,飞凡F7
1280,飞凡汽车,135,飞凡MARVEL R,飞凡MARVEL R
1281,飞凡汽车,135,飞凡R7,飞凡R7
1282,阿维塔科技,136,阿维塔 07,阿维塔 07
1283,阿维塔科技,136,阿维塔 11,阿维塔 11
1284,阿维塔科技,136,阿维塔 12,阿维塔 12
1285,福特新能源,137,福特电马,福特电马
1286,smart,138,smart精灵#1,smart精灵#1
1287,smart,138,smart精灵#3,smart精灵#3
1288,smart,138,smart精灵#5,smart精灵#5
1289,进口DS,139,DS 3 EV,DS 3 EV
1290,赛力斯蓝电汽车,140,蓝电E5,蓝电E5
1291,曹操汽车,141,曹操60,曹操60
1292,长安启源,142,长安启源A05,长安启源A05
1293,长安启源,142,长安启源A06,长安启源A06
1294,长安启源,142,长安启源A07,长安启源A07
1295,长安启源,142,长安启源E07,长安启源E07
1296,长安启源,142,长安启源Q05,长安启源Q05
1297,华人运通,143,高合HiPhi X,高合HiPhi X
1298,华人运通,143,高合HiPhi Y,高合HiPhi Y
1299,华人运通,143,高合HiPhi Z,高合HiPhi Z
1300,极石汽车,144,极石01,极石01
1301,方程豹,145,豹5,豹5
1302,方程豹,145,豹8,豹8
1303,仰望,146,仰望U8,仰望U8
1304,仰望,146,仰望U9,仰望U9
1305,智界汽车,147,智界R7,智界R7
1306,智界汽车,147,智界S7,智界S7
1307,深蓝汽车,148,深蓝G318,深蓝G318
1308,深蓝汽车,148,深蓝L07,深蓝L07
1309,深蓝汽车,148,深蓝S05,深蓝S05
1310,深蓝汽车,148,深蓝S07,深蓝S07
1311,深蓝汽车,148,深蓝SL03,深蓝SL03
1312,极越,149,极越01,极越01
1313,极越,149,极越07,极越07
1314,星途,150,星途凌云,星途凌云
1315,星途,150,星途揽月,星途揽月
1316,星途,150,星途星纪元ES,星途星纪元ES
1317,星途,150,星途星纪元ET,星途星纪元ET
1318,星途,150,星途瑶光,星途瑶光
1319,星途,150,星途瑶光 C-DM,星途瑶光 C-DM
1320,星途,150,星途追风,星途追风
1321,星途,150,星途追风 C-DM,星途追风 C-DM
1322,Polestar,151,Polestar 2,Polestar 2
1323,Polestar,151,Polestar 3,Polestar 3
1324,Polestar,151,Polestar 4,Polestar 4
1325,小米汽车,152,小米SU7,小米SU7
1326,远航汽车,153,远航H8,远航H8
1327,远航汽车,153,远航Y6,远航Y6
1328,LEVC,154,翼真L380,翼真L380
1329,二一二越野车,155,212 T01,212 T01
